,accuracy,auc,average_precision,recall,log_loss,train_time,test_time,predict_time
0,0.6924506387921022,0.6923564875217406,0.6334073221206902,0.7152991980259099,10.622510242719462,92.730247,0.242621,0.241451
