,accuracy,auc,average_precision,recall,log_loss,train_time,test_time,predict_time
0,0.716144018583043,0.7162044799411798,0.6600133010086495,0.7105867933200551,9.804148288685717,232.552777,0.37194,0.369925
