,accuracy,auc,average_precision,recall,log_loss
0,0.7085559427022842,0.7087997205346143,0.6419680174267627,0.7399719057281099,10.06625101864904
