,accuracy,auc,average_precision,recall,log_loss,train_time,test_time,predict_time
0,0.7232675183894696,0.7231956315289648,0.6609424129749333,0.7438271604938271,9.558119803708259,179.763853,0.370853,0.365161
