,accuracy,auc,average_precision,recall,log_loss
0,0.7068524970963995,0.7068808005645388,0.6484228494348792,0.6909877879115783,10.12506669080446
