,accuracy,auc,average_precision,recall,log_loss
0,0.6945412311265969,0.6947463682528077,0.630175345318884,0.7310387790063853,10.550309437477571
