,accuracy,auc,average_precision,recall,log_loss,train_time,test_time,predict_time
0,0.6799070847851336,0.6800463686055919,0.617318861884578,0.6954211595561807,11.055752902589681,12.509153,0.085299,0.084214
