,accuracy,auc,average_precision,recall,log_loss
0,0.7238095238095238,0.723714184320252,0.6611475227343584,0.7488429497068806,9.539401147507826
