,accuracy,auc,average_precision,recall,log_loss,train_time,test_time,predict_time
0,0.7061556329849012,0.7060418934298089,0.6471612923820667,0.7225469086434944,10.149148154639532,88.33163,0.1804,0.179598
