,accuracy,auc,average_precision,recall,log_loss
0,0.683778552071235,0.6837717088775435,0.627555076903791,0.6853222325007708,10.92202836812738
