,accuracy,auc,average_precision,recall,log_loss
0,0.9453348819202477,0.9451591217433244,0.9220794080600866,0.9361870162691518,1.888084987474322
