,accuracy,auc,average_precision,recall,log_loss,train_time,test_time,predict_time
0,0.9525358110723965,0.9525315863752617,0.9317403519106736,0.9503491078355314,1.6393731484419132,156.434284,0.012236,0.011105
