,accuracy,auc,average_precision,recall,log_loss,train_time,test_time,predict_time
0,0.9493612078977932,0.9494024951945743,0.9294514208945915,0.9465811965811965,1.7490207386674699,34.847627,0.006305,0.00549
