,accuracy,auc,average_precision,recall,log_loss
0,0.9503677893921796,0.9503664377707599,0.9303763302307849,0.94454770755886,1.714253345351181
