,accuracy,auc,average_precision,recall,log_loss
0,0.9488192024777391,0.9488355301232316,0.927718091993639,0.9457794208256316,1.767741252237081
