,accuracy,auc,average_precision,recall,log_loss,train_time,test_time,predict_time
0,0.9483546264034068,0.9484273779602816,0.9294598591461571,0.9407884644884185,1.7837854078423012,84.994602,0.010725,0.009799
