,accuracy,auc,average_precision,recall,log_loss,train_time,test_time,predict_time
0,0.9399922570654278,0.9399516775119031,0.9159453069137068,0.9321295143212951,2.072615003452158,40.214246,0.008037,0.007034
