,accuracy,auc,average_precision,recall,log_loss
0,0.9436314363143632,0.9436264448268972,0.9213938700217206,0.9364636603130327,1.9469209049537584
