,accuracy,auc,average_precision,recall,log_loss
0,0.9522260936895083,0.9521978356927808,0.9339696101679642,0.943296566723629,1.6500678694705622
