,accuracy,auc,average_precision,recall,log_loss,train_time,test_time,predict_time
0,0.9419279907084785,0.9419581472429526,0.9194211261372871,0.9355733662145499,2.0057566986085824,4.09884,0.006314,0.002627
