,accuracy,auc,average_precision,recall,log_loss
0,0.932559039876113,0.9330744992127837,0.9236217061023397,0.8883955909369259,2.329337033124452
