,accuracy,auc,average_precision,recall,log_loss,train_time,test_time,predict_time
0,0.9303135888501742,0.9301509173731531,0.9198124174285154,0.8812927284027346,2.406891792541241,2.335739,734.109301,704.95451
