,accuracy,auc,average_precision,recall,log_loss,train_time,test_time,predict_time
0,0.9306233062330623,0.9308007169736425,0.9189859974607276,0.8875694016039481,2.396196452389533,1.229956,484.331827,484.773205
