,accuracy,auc,average_precision,recall,log_loss
0,0.9090979481223384,0.9091704951914739,0.9003212510438644,0.8370977722772277,3.139653135030136
