,accuracy,auc,average_precision,recall,log_loss
0,0.9302361595044522,0.930658940211999,0.9218720192055609,0.881467833563642,2.4095656740133977
