,accuracy,auc,average_precision,recall,log_loss
0,0.8301200154858691,0.8298225457933189,0.8124133132729704,0.697345956852398,5.867461905707085
