,accuracy,auc,average_precision,recall,log_loss,train_time,test_time,predict_time
0,0.8221447928765002,0.8227197965668107,0.8069813929025706,0.6826033312769895,6.1429160265501865,0.193819,49.056673,49.483437
