,accuracy,auc,average_precision,recall,log_loss,train_time,test_time,predict_time
0,0.9096399535423926,0.9101704887124369,0.901879714189556,0.8395327390101445,3.120933054846666,3.839949,1280.995266,1260.336929
