,accuracy,auc,average_precision,recall,log_loss,train_time,test_time,predict_time
0,0.9331784746418893,0.9333514130527373,0.9228856358417292,0.8895573037174148,2.307942823819602,3.43081,1132.609403,1157.695581
