,accuracy,auc,average_precision,recall,log_loss
0,0.9307781649245064,0.9306250651396298,0.9202306959720244,0.8823986329035265,2.390845965303763
