,accuracy,auc,average_precision,recall,log_loss
0,0.9793263646922183,0.9794554207095012,0.9733230652152666,0.9733050204762627,0.7140477011852352
