,accuracy,auc,average_precision,recall,log_loss
0,0.978319783197832,0.9783451289322213,0.9718307652949902,0.9703612225995678,0.7488136086061835
