,accuracy,auc,average_precision,recall,log_loss,train_time,test_time,predict_time
0,0.9790166473093302,0.9790556713396922,0.9719456183715813,0.9733928022147031,0.7247453940045656,23.831761,0.078894,0.080579
