,accuracy,auc,average_precision,recall,log_loss,train_time,test_time,predict_time
0,0.978319783197832,0.9782905611003841,0.9704644069180497,0.9723000311235606,0.7488144753784655,12.908835,0.056512,0.05888
