,accuracy,auc,average_precision,recall,log_loss,train_time,test_time,predict_time
0,0.9718157181571816,0.9718660845336693,0.9644020285684254,0.959592843923504,0.9734569234754455,4.620426,0.040002,0.03927
