,accuracy,auc,average_precision,recall,log_loss
0,0.9770034843205575,0.976988381112777,0.9698593843983114,0.9685076016134037,0.7942773326710741
