,accuracy,auc,average_precision,recall,log_loss,train_time,test_time,predict_time
0,0.975532326751839,0.9755649613593779,0.9677964254835886,0.9676125848241826,0.8450900579263947,10.783414,0.067169,0.064789
