,accuracy,auc,average_precision,recall,log_loss,train_time,test_time,predict_time
0,0.9763066202090592,0.9763491156980593,0.9693262200925835,0.9676375404530745,0.8183462902203623,17.562694,0.070004,0.068589
