,accuracy,auc,average_precision,recall,log_loss
0,0.9728997289972899,0.9729354899931953,0.965709338746574,0.9610930986567855,0.9360162678100589
