,accuracy,auc,average_precision,recall,log_loss
0,0.9766937669376694,0.9766484840081128,0.9709220194646447,0.9647131975750038,0.8049733538581465
