,accuracy,auc,average_precision,recall,log_loss
0,0.7398373983739838,0.7397131790701907,0.6783059344202294,0.7573427648777488,8.985808251608248
