,accuracy,auc,average_precision,recall,log_loss,train_time,test_time,predict_time
0,0.7322493224932249,0.7321132900195221,0.6731491349459171,0.7447525662632143,9.247891726844449,1338.744317,222.408143,222.469688
