,accuracy,auc,average_precision,recall,log_loss,train_time,test_time,predict_time
0,0.4957801006581494,0.5,0.4957801006581494,1.0,17.415541530168316,2616.191146,485.380715,485.463108
