,accuracy,auc,average_precision,recall,log_loss,train_time,test_time,predict_time
0,0.7388308168795974,0.7387133214242615,0.6760495609676259,0.7613618856878756,9.02057694508296,3248.621478,596.641828,615.667892
