,accuracy,auc,average_precision,recall,log_loss
0,0.7452574525745257,0.745063188434221,0.688133474216994,0.7566250380749314,8.798600639419902
