,accuracy,auc,average_precision,recall,log_loss
0,0.7659310878823073,0.765643165761408,0.7070984300119686,0.7839609696600092,8.084553247796197
