,accuracy,auc,average_precision,recall,log_loss
0,0.49887727448703056,0.5,0.49887727448703056,1.0,17.30856645934419
