,accuracy,auc,average_precision,recall,log_loss,train_time,test_time,predict_time
0,0.7610530391018195,0.7609003162642174,0.6982704977027377,0.7835717581910475,8.253039603467261,3357.13122,610.96296,611.019208
