,accuracy,auc,average_precision,recall,log_loss,train_time,test_time,predict_time
0,0.5090979481223383,0.5,0.5090979481223383,1.0,16.955548725624556,374.068614,36.74411,36.764372
