,accuracy,auc,average_precision,recall,log_loss
0,0.49996128532713896,0.5,0.49996128532713896,1.0,17.27112518455574
